-- full.sql: Complete seed data for stages 06-11.
-- Includes: 50 products, 5 categories, 8 users, 120+ reviews.
-- Loaded after migrations 1-5 (products, categories, product_categories, users, reviews).

DELETE FROM reviews;
DELETE FROM product_categories;
DELETE FROM categories;
DELETE FROM users;
DELETE FROM products;

-- Categories
INSERT INTO categories (id, name) VALUES
  ('cat-001', 'Electronics'),
  ('cat-002', 'Home & Office'),
  ('cat-003', 'Audio'),
  ('cat-004', 'Accessories'),
  ('cat-005', 'Gaming');

-- Users (8 users: 4 CUSTOMER, 2 SELLER, 2 ADMIN)
INSERT INTO users (id, email, name, role, created_at, updated_at) VALUES
  ('user-001', 'alice@example.com',   'Alice Johnson',   'CUSTOMER', '2025-01-01T09:00:00.000Z', '2025-01-01T09:00:00.000Z'),
  ('user-002', 'bob@example.com',     'Bob Smith',       'CUSTOMER', '2025-01-02T10:00:00.000Z', '2025-01-02T10:00:00.000Z'),
  ('user-003', 'carol@example.com',   'Carol Williams',  'SELLER',   '2025-01-03T11:00:00.000Z', '2025-01-03T11:00:00.000Z'),
  ('user-004', 'dave@example.com',    'Dave Brown',      'SELLER',   '2025-01-04T12:00:00.000Z', '2025-01-04T12:00:00.000Z'),
  ('user-005', 'eve@example.com',     'Eve Davis',       'ADMIN',    '2025-01-05T08:00:00.000Z', '2025-01-05T08:00:00.000Z'),
  ('user-006', 'frank@example.com',   'Frank Miller',    'CUSTOMER', '2025-01-06T14:00:00.000Z', '2025-01-06T14:00:00.000Z'),
  ('user-007', 'grace@example.com',   'Grace Wilson',    'CUSTOMER', '2025-01-07T15:00:00.000Z', '2025-01-07T15:00:00.000Z'),
  ('user-008', 'hank@example.com',    'Hank Taylor',     'ADMIN',    '2025-01-08T09:30:00.000Z', '2025-01-08T09:30:00.000Z');

-- Products (50 items, prices in cents)
INSERT INTO products (id, title, description, price, in_stock, status, created_at, updated_at) VALUES
  ('prod-001', 'Mechanical Keyboard', 'Cherry MX Blue switches, full-size layout with RGB backlighting', 12999, 1, 'ACTIVE', '2025-01-15T10:00:00.000Z', '2025-01-15T10:00:00.000Z'),
  ('prod-002', 'Wireless Mouse', 'Ergonomic design with 6 programmable buttons and USB-C charging', 4999, 1, 'ACTIVE', '2025-01-16T11:30:00.000Z', '2025-01-16T11:30:00.000Z'),
  ('prod-003', 'USB-C Hub', '7-in-1 hub with HDMI, USB-A, SD card reader, and ethernet', 3499, 1, 'ACTIVE', '2025-01-17T09:15:00.000Z', '2025-01-17T09:15:00.000Z'),
  ('prod-004', 'Standing Desk Mat', 'Anti-fatigue comfort mat, 20x34 inches', 4500, 1, 'ACTIVE', '2025-01-18T14:00:00.000Z', '2025-01-18T14:00:00.000Z'),
  ('prod-005', 'Noise Cancelling Headphones', 'Over-ear, 30-hour battery life, active noise cancellation', 24999, 1, 'ACTIVE', '2025-01-19T08:45:00.000Z', '2025-01-19T08:45:00.000Z'),
  ('prod-006', 'Webcam HD 1080p', 'Auto-focus, built-in microphone, privacy shutter', 7999, 0, 'ACTIVE', '2025-01-20T16:20:00.000Z', '2025-01-20T16:20:00.000Z'),
  ('prod-007', 'Monitor Light Bar', 'LED screen light bar, adjustable color temperature', 5999, 1, 'ACTIVE', '2025-01-21T12:00:00.000Z', '2025-01-21T12:00:00.000Z'),
  ('prod-008', 'Cable Management Kit', NULL, 1999, 1, 'DRAFT', '2025-01-22T10:30:00.000Z', '2025-01-22T10:30:00.000Z'),
  ('prod-009', 'Laptop Stand', 'Adjustable aluminum stand, fits 10-17 inch laptops', 3999, 1, 'ACTIVE', '2025-01-23T09:00:00.000Z', '2025-01-23T09:00:00.000Z'),
  ('prod-010', 'Desk Organizer', 'Bamboo desktop organizer with 5 compartments', 2499, 1, 'ACTIVE', '2025-01-24T10:00:00.000Z', '2025-01-24T10:00:00.000Z'),
  ('prod-011', 'Bluetooth Speaker', 'Portable, waterproof, 12-hour battery', 5999, 1, 'ACTIVE', '2025-01-25T11:00:00.000Z', '2025-01-25T11:00:00.000Z'),
  ('prod-012', 'Wireless Earbuds', 'True wireless with ANC, 8-hour battery per charge', 14999, 1, 'ACTIVE', '2025-01-26T12:00:00.000Z', '2025-01-26T12:00:00.000Z'),
  ('prod-013', 'Gaming Mouse', 'High DPI sensor, adjustable weight, programmable buttons', 6999, 1, 'ACTIVE', '2025-01-27T13:00:00.000Z', '2025-01-27T13:00:00.000Z'),
  ('prod-014', 'Gaming Keyboard', 'Mechanical switches, per-key RGB, macro support', 15999, 1, 'ACTIVE', '2025-01-28T14:00:00.000Z', '2025-01-28T14:00:00.000Z'),
  ('prod-015', 'Mousepad XL', 'Extended desk pad, 900x400mm, anti-slip rubber base', 1999, 1, 'ACTIVE', '2025-01-29T15:00:00.000Z', '2025-01-29T15:00:00.000Z'),
  ('prod-016', 'Monitor Arm', 'Single monitor arm, gas spring, VESA 75/100', 8999, 1, 'ACTIVE', '2025-01-30T16:00:00.000Z', '2025-01-30T16:00:00.000Z'),
  ('prod-017', 'Wrist Rest', 'Memory foam keyboard wrist rest', 1499, 1, 'ACTIVE', '2025-01-31T09:00:00.000Z', '2025-01-31T09:00:00.000Z'),
  ('prod-018', 'Webcam Ring Light', '10-inch ring light with tripod and phone holder', 2999, 1, 'ACTIVE', '2025-02-01T10:00:00.000Z', '2025-02-01T10:00:00.000Z'),
  ('prod-019', 'USB Microphone', 'Condenser mic, cardioid pattern, pop filter included', 8999, 1, 'ACTIVE', '2025-02-02T11:00:00.000Z', '2025-02-02T11:00:00.000Z'),
  ('prod-020', 'Headphone Stand', 'Aluminum headphone holder with cable hook', 2499, 1, 'ACTIVE', '2025-02-03T12:00:00.000Z', '2025-02-03T12:00:00.000Z'),
  ('prod-021', 'HDMI Cable 6ft', 'HDMI 2.1, 8K@60Hz, 4K@120Hz', 1299, 1, 'ACTIVE', '2025-02-04T13:00:00.000Z', '2025-02-04T13:00:00.000Z'),
  ('prod-022', 'DisplayPort Cable', 'DP 1.4, 8K@60Hz, 6ft braided', 1499, 1, 'ACTIVE', '2025-02-05T14:00:00.000Z', '2025-02-05T14:00:00.000Z'),
  ('prod-023', 'Power Strip', '6-outlet surge protector with 4 USB ports', 2999, 1, 'ACTIVE', '2025-02-06T15:00:00.000Z', '2025-02-06T15:00:00.000Z'),
  ('prod-024', 'Desk Lamp', 'LED desk lamp, 5 brightness levels, USB charging port', 3999, 1, 'ACTIVE', '2025-02-07T16:00:00.000Z', '2025-02-07T16:00:00.000Z'),
  ('prod-025', 'Ergonomic Chair Cushion', 'Memory foam seat cushion, non-slip base', 3499, 1, 'ACTIVE', '2025-02-08T09:00:00.000Z', '2025-02-08T09:00:00.000Z'),
  ('prod-026', 'Wireless Charging Pad', 'Qi-certified, 15W fast charge, LED indicator', 1999, 1, 'ACTIVE', '2025-02-09T10:00:00.000Z', '2025-02-09T10:00:00.000Z'),
  ('prod-027', 'Portable SSD 1TB', 'NVMe, USB 3.2, up to 1050MB/s read speed', 8999, 1, 'ACTIVE', '2025-02-10T11:00:00.000Z', '2025-02-10T11:00:00.000Z'),
  ('prod-028', 'SD Card 128GB', 'UHS-I, U3, V30, up to 170MB/s read', 1999, 1, 'ACTIVE', '2025-02-11T12:00:00.000Z', '2025-02-11T12:00:00.000Z'),
  ('prod-029', 'Ethernet Cable 25ft', 'Cat 6, shielded, flat design', 999, 1, 'ACTIVE', '2025-02-12T13:00:00.000Z', '2025-02-12T13:00:00.000Z'),
  ('prod-030', 'Surge Protector UPS', 'Uninterruptible power supply, 600VA', 7999, 1, 'ACTIVE', '2025-02-13T14:00:00.000Z', '2025-02-13T14:00:00.000Z'),
  ('prod-031', 'Screen Cleaner Kit', 'Microfiber cloth and spray bottle, safe for all screens', 899, 1, 'ACTIVE', '2025-02-14T15:00:00.000Z', '2025-02-14T15:00:00.000Z'),
  ('prod-032', 'Keyboard Cover', 'Silicone keyboard protector, universal fit', 799, 1, 'ACTIVE', '2025-02-15T16:00:00.000Z', '2025-02-15T16:00:00.000Z'),
  ('prod-033', 'Privacy Screen Filter', '14-inch laptop privacy filter, anti-glare', 3499, 1, 'ACTIVE', '2025-02-16T09:00:00.000Z', '2025-02-16T09:00:00.000Z'),
  ('prod-034', 'Laptop Sleeve', '15.6-inch neoprene sleeve, water resistant', 1999, 1, 'ACTIVE', '2025-02-17T10:00:00.000Z', '2025-02-17T10:00:00.000Z'),
  ('prod-035', 'Backpack', 'Tech backpack with laptop compartment and USB port', 5999, 1, 'ACTIVE', '2025-02-18T11:00:00.000Z', '2025-02-18T11:00:00.000Z'),
  ('prod-036', 'Drawing Tablet', '10x6 inch drawing area, 8192 pressure levels', 6999, 1, 'ACTIVE', '2025-02-19T12:00:00.000Z', '2025-02-19T12:00:00.000Z'),
  ('prod-037', 'Stylus Pen', 'Active stylus, palm rejection, magnetic attachment', 2999, 1, 'ACTIVE', '2025-02-20T13:00:00.000Z', '2025-02-20T13:00:00.000Z'),
  ('prod-038', 'VR Headset Stand', '3D-printed stand for VR headset and controllers', 2499, 0, 'ACTIVE', '2025-02-21T14:00:00.000Z', '2025-02-21T14:00:00.000Z'),
  ('prod-039', 'Gaming Headset', '7.1 surround sound, detachable mic, RGB lighting', 7999, 1, 'ACTIVE', '2025-02-22T15:00:00.000Z', '2025-02-22T15:00:00.000Z'),
  ('prod-040', 'Controller Stand', 'Dual controller charging stand with LED indicators', 1999, 1, 'ACTIVE', '2025-02-23T16:00:00.000Z', '2025-02-23T16:00:00.000Z'),
  ('prod-041', 'Capture Card', '4K passthrough, 1080p60 capture, USB 3.0', 12999, 1, 'ACTIVE', '2025-02-24T09:00:00.000Z', '2025-02-24T09:00:00.000Z'),
  ('prod-042', 'Stream Deck', '15-key LCD macro pad, customizable icons', 14999, 1, 'ACTIVE', '2025-02-25T10:00:00.000Z', '2025-02-25T10:00:00.000Z'),
  ('prod-043', 'Green Screen', 'Collapsible chroma key backdrop, 5x6 feet', 4999, 1, 'ACTIVE', '2025-02-26T11:00:00.000Z', '2025-02-26T11:00:00.000Z'),
  ('prod-044', 'Boom Arm', 'Adjustable microphone boom arm, desk clamp mount', 3999, 1, 'ACTIVE', '2025-02-27T12:00:00.000Z', '2025-02-27T12:00:00.000Z'),
  ('prod-045', 'KVM Switch', '2-port USB 3.0 KVM switch with HDMI', 4999, 1, 'ACTIVE', '2025-02-28T13:00:00.000Z', '2025-02-28T13:00:00.000Z'),
  ('prod-046', 'Docking Station', 'Thunderbolt 4, dual 4K display, 96W charging', 24999, 1, 'ACTIVE', '2025-03-01T14:00:00.000Z', '2025-03-01T14:00:00.000Z'),
  ('prod-047', 'USB Fan', 'Quiet desktop USB fan, adjustable speed', 1499, 1, 'ACTIVE', '2025-03-02T15:00:00.000Z', '2025-03-02T15:00:00.000Z'),
  ('prod-048', 'Footrest', 'Adjustable under-desk footrest, tilt and height', 3999, 1, 'ACTIVE', '2025-03-03T16:00:00.000Z', '2025-03-03T16:00:00.000Z'),
  ('prod-049', 'Whiteboard', 'Magnetic dry-erase board, 24x36 inches, with markers', 3499, 1, 'ARCHIVED', '2025-03-04T09:00:00.000Z', '2025-03-04T09:00:00.000Z'),
  ('prod-050', 'Desk Shelf Riser', 'Bamboo monitor riser with storage drawer', 4499, 1, 'ACTIVE', '2025-03-05T10:00:00.000Z', '2025-03-05T10:00:00.000Z');

-- Product-Category links
INSERT INTO product_categories (product_id, category_id) VALUES
  ('prod-001', 'cat-001'), ('prod-001', 'cat-004'),
  ('prod-002', 'cat-001'), ('prod-002', 'cat-004'),
  ('prod-003', 'cat-001'), ('prod-003', 'cat-004'),
  ('prod-004', 'cat-002'),
  ('prod-005', 'cat-001'), ('prod-005', 'cat-003'),
  ('prod-006', 'cat-001'),
  ('prod-007', 'cat-002'),
  ('prod-008', 'cat-004'),
  ('prod-009', 'cat-002'), ('prod-009', 'cat-004'),
  ('prod-010', 'cat-002'),
  ('prod-011', 'cat-001'), ('prod-011', 'cat-003'),
  ('prod-012', 'cat-001'), ('prod-012', 'cat-003'),
  ('prod-013', 'cat-001'), ('prod-013', 'cat-005'),
  ('prod-014', 'cat-001'), ('prod-014', 'cat-005'),
  ('prod-015', 'cat-005'), ('prod-015', 'cat-004'),
  ('prod-016', 'cat-002'),
  ('prod-017', 'cat-004'),
  ('prod-018', 'cat-002'), ('prod-018', 'cat-004'),
  ('prod-019', 'cat-001'), ('prod-019', 'cat-003'),
  ('prod-020', 'cat-004'),
  ('prod-021', 'cat-001'), ('prod-021', 'cat-004'),
  ('prod-022', 'cat-001'), ('prod-022', 'cat-004'),
  ('prod-023', 'cat-002'),
  ('prod-024', 'cat-002'),
  ('prod-025', 'cat-002'),
  ('prod-026', 'cat-001'), ('prod-026', 'cat-004'),
  ('prod-027', 'cat-001'),
  ('prod-028', 'cat-001'), ('prod-028', 'cat-004'),
  ('prod-029', 'cat-001'), ('prod-029', 'cat-004'),
  ('prod-030', 'cat-001'), ('prod-030', 'cat-002'),
  ('prod-031', 'cat-004'),
  ('prod-032', 'cat-004'),
  ('prod-033', 'cat-004'),
  ('prod-034', 'cat-004'),
  ('prod-035', 'cat-004'),
  ('prod-036', 'cat-001'),
  ('prod-037', 'cat-001'), ('prod-037', 'cat-004'),
  ('prod-038', 'cat-005'), ('prod-038', 'cat-004'),
  ('prod-039', 'cat-001'), ('prod-039', 'cat-003'), ('prod-039', 'cat-005'),
  ('prod-040', 'cat-005'), ('prod-040', 'cat-004'),
  ('prod-041', 'cat-001'), ('prod-041', 'cat-005'),
  ('prod-042', 'cat-001'), ('prod-042', 'cat-005'),
  ('prod-043', 'cat-005'),
  ('prod-044', 'cat-003'), ('prod-044', 'cat-004'),
  ('prod-045', 'cat-001'),
  ('prod-046', 'cat-001'),
  ('prod-047', 'cat-002'),
  ('prod-048', 'cat-002'),
  ('prod-049', 'cat-002'),
  ('prod-050', 'cat-002');

-- Reviews (120 reviews across products, authored by customers)
-- Spread across prod-001..050, authored by user-001,002,006,007 (customers) and occasionally user-003,004 (sellers)
INSERT INTO reviews (id, product_id, author_id, rating, body, created_at, updated_at) VALUES
  ('rev-001', 'prod-001', 'user-001', 5, 'Absolutely love this keyboard! The Cherry MX Blues are so satisfying.', '2025-02-01T10:00:00.000Z', '2025-02-01T10:00:00.000Z'),
  ('rev-002', 'prod-001', 'user-002', 4, 'Great keyboard, a bit loud for office use though.', '2025-02-02T11:00:00.000Z', '2025-02-02T11:00:00.000Z'),
  ('rev-003', 'prod-001', 'user-006', 5, 'Best keyboard I have ever used. Build quality is exceptional.', '2025-02-03T12:00:00.000Z', '2025-02-03T12:00:00.000Z'),
  ('rev-004', 'prod-002', 'user-001', 4, 'Comfortable mouse, battery lasts forever.', '2025-02-04T13:00:00.000Z', '2025-02-04T13:00:00.000Z'),
  ('rev-005', 'prod-002', 'user-007', 3, 'Decent mouse but the scroll wheel feels cheap.', '2025-02-05T14:00:00.000Z', '2025-02-05T14:00:00.000Z'),
  ('rev-006', 'prod-003', 'user-002', 5, 'Works perfectly with my MacBook. All ports function as expected.', '2025-02-06T15:00:00.000Z', '2025-02-06T15:00:00.000Z'),
  ('rev-007', 'prod-003', 'user-006', 4, 'Good hub but gets warm under heavy use.', '2025-02-07T16:00:00.000Z', '2025-02-07T16:00:00.000Z'),
  ('rev-008', 'prod-004', 'user-001', 5, 'My feet thank me. Huge difference for standing desk users.', '2025-02-08T09:00:00.000Z', '2025-02-08T09:00:00.000Z'),
  ('rev-009', 'prod-004', 'user-007', 4, 'Good quality mat, wish it was a bit larger.', '2025-02-09T10:00:00.000Z', '2025-02-09T10:00:00.000Z'),
  ('rev-010', 'prod-005', 'user-001', 5, 'The noise cancellation is incredible. Perfect for focus work.', '2025-02-10T11:00:00.000Z', '2025-02-10T11:00:00.000Z'),
  ('rev-011', 'prod-005', 'user-002', 5, 'Premium sound quality. Worth every penny.', '2025-02-11T12:00:00.000Z', '2025-02-11T12:00:00.000Z'),
  ('rev-012', 'prod-005', 'user-006', 4, 'Great headphones but a bit heavy for long sessions.', '2025-02-12T13:00:00.000Z', '2025-02-12T13:00:00.000Z'),
  ('rev-013', 'prod-005', 'user-007', 5, 'These headphones changed my commute. Amazing ANC.', '2025-02-13T14:00:00.000Z', '2025-02-13T14:00:00.000Z'),
  ('rev-014', 'prod-006', 'user-002', 3, 'Image quality is good but autofocus is slow.', '2025-02-14T15:00:00.000Z', '2025-02-14T15:00:00.000Z'),
  ('rev-015', 'prod-006', 'user-006', 4, 'Good webcam for the price. Privacy shutter is a nice touch.', '2025-02-15T16:00:00.000Z', '2025-02-15T16:00:00.000Z'),
  ('rev-016', 'prod-007', 'user-001', 5, 'Reduces eye strain significantly. Love the warm light mode.', '2025-02-16T09:00:00.000Z', '2025-02-16T09:00:00.000Z'),
  ('rev-017', 'prod-007', 'user-007', 4, 'Solid build quality, easy to install.', '2025-02-17T10:00:00.000Z', '2025-02-17T10:00:00.000Z'),
  ('rev-018', 'prod-009', 'user-002', 5, 'Sturdy and adjustable. Improved my posture noticeably.', '2025-02-18T11:00:00.000Z', '2025-02-18T11:00:00.000Z'),
  ('rev-019', 'prod-009', 'user-006', 4, 'Good laptop stand, minimal wobble.', '2025-02-19T12:00:00.000Z', '2025-02-19T12:00:00.000Z'),
  ('rev-020', 'prod-010', 'user-001', 4, 'Nice organizer, keeps my desk tidy.', '2025-02-20T13:00:00.000Z', '2025-02-20T13:00:00.000Z'),
  ('rev-021', 'prod-011', 'user-001', 4, 'Good sound for its size. Waterproof is great for the shower.', '2025-02-21T14:00:00.000Z', '2025-02-21T14:00:00.000Z'),
  ('rev-022', 'prod-011', 'user-002', 3, 'Bass is lacking compared to larger speakers.', '2025-02-22T15:00:00.000Z', '2025-02-22T15:00:00.000Z'),
  ('rev-023', 'prod-011', 'user-007', 5, 'Perfect portable speaker. Took it camping, held up great.', '2025-02-23T16:00:00.000Z', '2025-02-23T16:00:00.000Z'),
  ('rev-024', 'prod-012', 'user-001', 5, 'Best earbuds I have owned. ANC rivals over-ear headphones.', '2025-02-24T09:00:00.000Z', '2025-02-24T09:00:00.000Z'),
  ('rev-025', 'prod-012', 'user-006', 4, 'Great sound, but the case is a fingerprint magnet.', '2025-02-25T10:00:00.000Z', '2025-02-25T10:00:00.000Z'),
  ('rev-026', 'prod-013', 'user-002', 5, 'Super precise. The adjustable weight is a game changer.', '2025-02-26T11:00:00.000Z', '2025-02-26T11:00:00.000Z'),
  ('rev-027', 'prod-013', 'user-007', 4, 'Good gaming mouse, but the software is clunky.', '2025-02-27T12:00:00.000Z', '2025-02-27T12:00:00.000Z'),
  ('rev-028', 'prod-014', 'user-001', 5, 'Per-key RGB is beautiful. Macros work flawlessly.', '2025-02-28T13:00:00.000Z', '2025-02-28T13:00:00.000Z'),
  ('rev-029', 'prod-014', 'user-006', 4, 'Solid gaming keyboard. The wrist rest could be better.', '2025-03-01T14:00:00.000Z', '2025-03-01T14:00:00.000Z'),
  ('rev-030', 'prod-015', 'user-002', 4, 'Large and smooth. Perfect for low DPI gaming.', '2025-03-02T15:00:00.000Z', '2025-03-02T15:00:00.000Z'),
  ('rev-031', 'prod-015', 'user-007', 5, 'Covers my entire desk. Love it.', '2025-03-03T16:00:00.000Z', '2025-03-03T16:00:00.000Z'),
  ('rev-032', 'prod-016', 'user-001', 5, 'Freed up so much desk space. Smooth adjustment.', '2025-03-04T09:00:00.000Z', '2025-03-04T09:00:00.000Z'),
  ('rev-033', 'prod-016', 'user-006', 4, 'Solid arm, holds my 27-inch monitor without sagging.', '2025-03-05T10:00:00.000Z', '2025-03-05T10:00:00.000Z'),
  ('rev-034', 'prod-017', 'user-002', 3, 'Comfortable but started flattening after a month.', '2025-03-06T11:00:00.000Z', '2025-03-06T11:00:00.000Z'),
  ('rev-035', 'prod-017', 'user-007', 4, 'Decent wrist rest for the price.', '2025-03-07T12:00:00.000Z', '2025-03-07T12:00:00.000Z'),
  ('rev-036', 'prod-018', 'user-001', 4, 'Great lighting for video calls. Easy to set up.', '2025-03-08T13:00:00.000Z', '2025-03-08T13:00:00.000Z'),
  ('rev-037', 'prod-019', 'user-002', 5, 'Crystal clear audio. Perfect for podcasting.', '2025-03-09T14:00:00.000Z', '2025-03-09T14:00:00.000Z'),
  ('rev-038', 'prod-019', 'user-001', 4, 'Good mic for the price. Pop filter is a nice bonus.', '2025-03-10T15:00:00.000Z', '2025-03-10T15:00:00.000Z'),
  ('rev-039', 'prod-020', 'user-006', 4, 'Sleek design, holds headphones securely.', '2025-03-11T16:00:00.000Z', '2025-03-11T16:00:00.000Z'),
  ('rev-040', 'prod-021', 'user-007', 5, 'Finally an HDMI cable that supports 4K 120Hz without issues.', '2025-03-12T09:00:00.000Z', '2025-03-12T09:00:00.000Z'),
  ('rev-041', 'prod-022', 'user-001', 4, 'Good cable, braided design feels premium.', '2025-03-13T10:00:00.000Z', '2025-03-13T10:00:00.000Z'),
  ('rev-042', 'prod-023', 'user-002', 5, 'Plenty of outlets and USB ports. Surge protection gives peace of mind.', '2025-03-14T11:00:00.000Z', '2025-03-14T11:00:00.000Z'),
  ('rev-043', 'prod-024', 'user-006', 4, 'Adjustable brightness is great. USB port charges my phone overnight.', '2025-03-15T12:00:00.000Z', '2025-03-15T12:00:00.000Z'),
  ('rev-044', 'prod-024', 'user-001', 5, 'Perfect desk lamp. The warm light mode is easy on the eyes.', '2025-03-16T13:00:00.000Z', '2025-03-16T13:00:00.000Z'),
  ('rev-045', 'prod-025', 'user-007', 4, 'Comfortable cushion. Made long work days bearable.', '2025-03-17T14:00:00.000Z', '2025-03-17T14:00:00.000Z'),
  ('rev-046', 'prod-026', 'user-002', 3, 'Works fine but charges slower than advertised.', '2025-03-18T15:00:00.000Z', '2025-03-18T15:00:00.000Z'),
  ('rev-047', 'prod-027', 'user-001', 5, 'Incredibly fast. Transferred 200GB in minutes.', '2025-03-19T16:00:00.000Z', '2025-03-19T16:00:00.000Z'),
  ('rev-048', 'prod-027', 'user-006', 5, 'Best portable SSD I have used. Compact and fast.', '2025-03-20T09:00:00.000Z', '2025-03-20T09:00:00.000Z'),
  ('rev-049', 'prod-028', 'user-007', 4, 'Fast SD card. Works great in my camera.', '2025-03-21T10:00:00.000Z', '2025-03-21T10:00:00.000Z'),
  ('rev-050', 'prod-029', 'user-002', 4, 'Flat design fits under carpet. Good quality.', '2025-03-22T11:00:00.000Z', '2025-03-22T11:00:00.000Z'),
  ('rev-051', 'prod-030', 'user-001', 5, 'Saved my PC during a power outage. Essential purchase.', '2025-03-23T12:00:00.000Z', '2025-03-23T12:00:00.000Z'),
  ('rev-052', 'prod-031', 'user-006', 4, 'Leaves screens streak-free. Simple but effective.', '2025-03-24T13:00:00.000Z', '2025-03-24T13:00:00.000Z'),
  ('rev-053', 'prod-032', 'user-007', 3, 'Fits most keyboards but typing feel is different.', '2025-03-25T14:00:00.000Z', '2025-03-25T14:00:00.000Z'),
  ('rev-054', 'prod-033', 'user-002', 4, 'Privacy screen works well. Slight reduction in brightness.', '2025-03-26T15:00:00.000Z', '2025-03-26T15:00:00.000Z'),
  ('rev-055', 'prod-034', 'user-001', 4, 'Good sleeve, fits my laptop perfectly. Light water protection.', '2025-03-27T16:00:00.000Z', '2025-03-27T16:00:00.000Z'),
  ('rev-056', 'prod-035', 'user-006', 5, 'Perfect backpack. Tons of pockets and comfortable straps.', '2025-03-28T09:00:00.000Z', '2025-03-28T09:00:00.000Z'),
  ('rev-057', 'prod-035', 'user-002', 4, 'Good backpack for daily commute. Laptop compartment is padded.', '2025-03-29T10:00:00.000Z', '2025-03-29T10:00:00.000Z'),
  ('rev-058', 'prod-036', 'user-007', 5, 'Amazing pressure sensitivity. Great for digital art.', '2025-03-30T11:00:00.000Z', '2025-03-30T11:00:00.000Z'),
  ('rev-059', 'prod-036', 'user-001', 4, 'Good drawing tablet for beginners. Driver setup was easy.', '2025-03-31T12:00:00.000Z', '2025-03-31T12:00:00.000Z'),
  ('rev-060', 'prod-037', 'user-006', 4, 'Palm rejection works well. Smooth writing experience.', '2025-04-01T13:00:00.000Z', '2025-04-01T13:00:00.000Z'),
  ('rev-061', 'prod-039', 'user-002', 5, 'Surround sound is immersive. Mic quality is surprisingly good.', '2025-04-02T14:00:00.000Z', '2025-04-02T14:00:00.000Z'),
  ('rev-062', 'prod-039', 'user-007', 4, 'Comfortable for long gaming sessions. RGB is a nice bonus.', '2025-04-03T15:00:00.000Z', '2025-04-03T15:00:00.000Z'),
  ('rev-063', 'prod-039', 'user-001', 4, 'Good headset, detachable mic is handy for using as regular headphones.', '2025-04-04T16:00:00.000Z', '2025-04-04T16:00:00.000Z'),
  ('rev-064', 'prod-040', 'user-006', 4, 'Charges both controllers simultaneously. LED indicators are useful.', '2025-04-05T09:00:00.000Z', '2025-04-05T09:00:00.000Z'),
  ('rev-065', 'prod-041', 'user-002', 5, 'Stream quality is perfect. Zero lag passthrough.', '2025-04-06T10:00:00.000Z', '2025-04-06T10:00:00.000Z'),
  ('rev-066', 'prod-041', 'user-007', 4, 'Works great with OBS. Setup was straightforward.', '2025-04-07T11:00:00.000Z', '2025-04-07T11:00:00.000Z'),
  ('rev-067', 'prod-042', 'user-001', 5, 'Completely transformed my workflow. Custom icons are fantastic.', '2025-04-08T12:00:00.000Z', '2025-04-08T12:00:00.000Z'),
  ('rev-068', 'prod-042', 'user-006', 5, 'Best productivity tool I have bought. Use it for streaming and coding.', '2025-04-09T13:00:00.000Z', '2025-04-09T13:00:00.000Z'),
  ('rev-069', 'prod-043', 'user-007', 4, 'Collapses easily for storage. Chroma key works well.', '2025-04-10T14:00:00.000Z', '2025-04-10T14:00:00.000Z'),
  ('rev-070', 'prod-044', 'user-002', 5, 'Solid boom arm. Holds my mic perfectly. No drooping.', '2025-04-11T15:00:00.000Z', '2025-04-11T15:00:00.000Z'),
  ('rev-071', 'prod-044', 'user-001', 4, 'Good arm for the price. Cable management could be better.', '2025-04-12T16:00:00.000Z', '2025-04-12T16:00:00.000Z'),
  ('rev-072', 'prod-045', 'user-006', 5, 'Seamless switching between two PCs. No lag.', '2025-04-13T09:00:00.000Z', '2025-04-13T09:00:00.000Z'),
  ('rev-073', 'prod-046', 'user-002', 5, 'The ultimate docking station. Dual 4K with one cable.', '2025-04-14T10:00:00.000Z', '2025-04-14T10:00:00.000Z'),
  ('rev-074', 'prod-046', 'user-001', 5, 'Charges my laptop while running two monitors. Worth every cent.', '2025-04-15T11:00:00.000Z', '2025-04-15T11:00:00.000Z'),
  ('rev-075', 'prod-046', 'user-007', 4, 'Great dock but runs warm under full load.', '2025-04-16T12:00:00.000Z', '2025-04-16T12:00:00.000Z'),
  ('rev-076', 'prod-047', 'user-006', 3, 'Does the job but not very powerful. OK for mild cooling.', '2025-04-17T13:00:00.000Z', '2025-04-17T13:00:00.000Z'),
  ('rev-077', 'prod-048', 'user-002', 4, 'Helps with posture during long work days.', '2025-04-18T14:00:00.000Z', '2025-04-18T14:00:00.000Z'),
  ('rev-078', 'prod-048', 'user-007', 5, 'Surprisingly sturdy. Tilt feature is great for stretching.', '2025-04-19T15:00:00.000Z', '2025-04-19T15:00:00.000Z'),
  ('rev-079', 'prod-050', 'user-001', 4, 'Nice riser, storage drawer is handy for small items.', '2025-04-20T16:00:00.000Z', '2025-04-20T16:00:00.000Z'),
  ('rev-080', 'prod-050', 'user-006', 5, 'Beautiful bamboo finish. Elevates monitor to perfect height.', '2025-04-21T09:00:00.000Z', '2025-04-21T09:00:00.000Z'),
  ('rev-081', 'prod-001', 'user-007', 4, 'Typing on this is a joy. Slightly heavy for travel.', '2025-04-22T10:00:00.000Z', '2025-04-22T10:00:00.000Z'),
  ('rev-082', 'prod-002', 'user-006', 5, 'Perfect mouse for my hand size. Button placement is intuitive.', '2025-04-23T11:00:00.000Z', '2025-04-23T11:00:00.000Z'),
  ('rev-083', 'prod-003', 'user-001', 4, 'Reliable hub. Ethernet port saved me in a hotel with bad WiFi.', '2025-04-24T12:00:00.000Z', '2025-04-24T12:00:00.000Z'),
  ('rev-084', 'prod-004', 'user-006', 5, 'Standing desk mat is a must-have. This one is top quality.', '2025-04-25T13:00:00.000Z', '2025-04-25T13:00:00.000Z'),
  ('rev-085', 'prod-006', 'user-007', 4, 'Decent webcam. Auto-focus could be faster in low light.', '2025-04-26T14:00:00.000Z', '2025-04-26T14:00:00.000Z'),
  ('rev-086', 'prod-007', 'user-006', 5, 'Brilliant product. No more screen glare at night.', '2025-04-27T15:00:00.000Z', '2025-04-27T15:00:00.000Z'),
  ('rev-087', 'prod-010', 'user-002', 4, 'Looks great on my desk. Compartments are well-sized.', '2025-04-28T16:00:00.000Z', '2025-04-28T16:00:00.000Z'),
  ('rev-088', 'prod-010', 'user-007', 3, 'OK organizer, but bamboo scratches easily.', '2025-04-29T09:00:00.000Z', '2025-04-29T09:00:00.000Z'),
  ('rev-089', 'prod-012', 'user-002', 5, 'Sound quality is phenomenal for earbuds. Case charges wirelessly.', '2025-04-30T10:00:00.000Z', '2025-04-30T10:00:00.000Z'),
  ('rev-090', 'prod-012', 'user-007', 4, 'Good earbuds, wish the controls were more intuitive.', '2025-05-01T11:00:00.000Z', '2025-05-01T11:00:00.000Z'),
  ('rev-091', 'prod-013', 'user-001', 5, 'This mouse is incredibly responsive. Perfect for FPS games.', '2025-05-02T12:00:00.000Z', '2025-05-02T12:00:00.000Z'),
  ('rev-092', 'prod-014', 'user-002', 5, 'Typing feel is perfect for gaming and coding alike.', '2025-05-03T13:00:00.000Z', '2025-05-03T13:00:00.000Z'),
  ('rev-093', 'prod-014', 'user-007', 4, 'Good gaming keyboard. Key legends could be clearer.', '2025-05-04T14:00:00.000Z', '2025-05-04T14:00:00.000Z'),
  ('rev-094', 'prod-016', 'user-002', 4, 'Monitor arm is smooth. Installation took about 15 minutes.', '2025-05-05T15:00:00.000Z', '2025-05-05T15:00:00.000Z'),
  ('rev-095', 'prod-018', 'user-007', 4, 'Good ring light for video calls. Tripod is a bit wobbly.', '2025-05-06T16:00:00.000Z', '2025-05-06T16:00:00.000Z'),
  ('rev-096', 'prod-019', 'user-006', 5, 'Studio-quality sound from a USB mic. Highly recommend.', '2025-05-07T09:00:00.000Z', '2025-05-07T09:00:00.000Z'),
  ('rev-097', 'prod-020', 'user-001', 4, 'Simple and functional. Cable hook is a nice detail.', '2025-05-08T10:00:00.000Z', '2025-05-08T10:00:00.000Z'),
  ('rev-098', 'prod-023', 'user-007', 5, 'Survived a lightning storm. Surge protection works!', '2025-05-09T11:00:00.000Z', '2025-05-09T11:00:00.000Z'),
  ('rev-099', 'prod-025', 'user-001', 5, 'Memory foam makes a real difference. No more soreness.', '2025-05-10T12:00:00.000Z', '2025-05-10T12:00:00.000Z'),
  ('rev-100', 'prod-026', 'user-007', 4, 'Convenient wireless charging. Placement has to be precise.', '2025-05-11T13:00:00.000Z', '2025-05-11T13:00:00.000Z'),
  ('rev-101', 'prod-028', 'user-001', 5, 'Fast card, handles 4K video recording without dropping frames.', '2025-05-12T14:00:00.000Z', '2025-05-12T14:00:00.000Z'),
  ('rev-102', 'prod-029', 'user-006', 4, 'Flat cable is great for running under rugs. Solid connection.', '2025-05-13T15:00:00.000Z', '2025-05-13T15:00:00.000Z'),
  ('rev-103', 'prod-030', 'user-007', 4, 'Good UPS for home office. Alarm is loud when power drops.', '2025-05-14T16:00:00.000Z', '2025-05-14T16:00:00.000Z'),
  ('rev-104', 'prod-033', 'user-001', 4, 'Works well for privacy. Coworkers cannot see my screen anymore.', '2025-05-15T09:00:00.000Z', '2025-05-15T09:00:00.000Z'),
  ('rev-105', 'prod-034', 'user-006', 3, 'Basic sleeve. Does the job but nothing special.', '2025-05-16T10:00:00.000Z', '2025-05-16T10:00:00.000Z'),
  ('rev-106', 'prod-035', 'user-001', 5, 'Use this every day. Laptop fits perfectly and USB port works for charging.', '2025-05-17T11:00:00.000Z', '2025-05-17T11:00:00.000Z'),
  ('rev-107', 'prod-037', 'user-002', 4, 'Good stylus for note-taking. Magnetic attachment is convenient.', '2025-05-18T12:00:00.000Z', '2025-05-18T12:00:00.000Z'),
  ('rev-108', 'prod-040', 'user-001', 4, 'Keeps controllers charged and organized. LED is a nice touch.', '2025-05-19T13:00:00.000Z', '2025-05-19T13:00:00.000Z'),
  ('rev-109', 'prod-041', 'user-001', 5, 'Started streaming thanks to this card. Quality is outstanding.', '2025-05-20T14:00:00.000Z', '2025-05-20T14:00:00.000Z'),
  ('rev-110', 'prod-043', 'user-001', 4, 'Green screen works well for Zoom backgrounds too.', '2025-05-21T15:00:00.000Z', '2025-05-21T15:00:00.000Z'),
  ('rev-111', 'prod-045', 'user-002', 4, 'Smooth switching between work and personal PC.', '2025-05-22T16:00:00.000Z', '2025-05-22T16:00:00.000Z'),
  ('rev-112', 'prod-047', 'user-001', 3, 'Works as expected. Not the quietest fan.', '2025-05-23T09:00:00.000Z', '2025-05-23T09:00:00.000Z'),
  ('rev-113', 'prod-009', 'user-001', 5, 'Perfect for raising laptop to eye level. Highly recommended.', '2025-05-24T10:00:00.000Z', '2025-05-24T10:00:00.000Z'),
  ('rev-114', 'prod-011', 'user-006', 4, 'Sounds great by the pool. Battery lasted the whole day.', '2025-05-25T11:00:00.000Z', '2025-05-25T11:00:00.000Z'),
  ('rev-115', 'prod-015', 'user-001', 5, 'This mousepad is massive and I love it. Covers my whole desk.', '2025-05-26T12:00:00.000Z', '2025-05-26T12:00:00.000Z'),
  ('rev-116', 'prod-021', 'user-002', 4, 'Works perfectly for my PS5 setup. 4K no problem.', '2025-05-27T13:00:00.000Z', '2025-05-27T13:00:00.000Z'),
  ('rev-117', 'prod-022', 'user-006', 5, 'Top quality cable. DP 1.4 works flawlessly at 144Hz.', '2025-05-28T14:00:00.000Z', '2025-05-28T14:00:00.000Z'),
  ('rev-118', 'prod-024', 'user-007', 4, 'Nice lamp. Wish it had more color temperature options.', '2025-05-29T15:00:00.000Z', '2025-05-29T15:00:00.000Z'),
  ('rev-119', 'prod-031', 'user-001', 5, 'Keeps my monitor spotless. Spray lasts a long time.', '2025-05-30T16:00:00.000Z', '2025-05-30T16:00:00.000Z'),
  ('rev-120', 'prod-036', 'user-006', 5, 'Perfect entry-level tablet. My kids love drawing on it.', '2025-05-31T09:00:00.000Z', '2025-05-31T09:00:00.000Z');
